id;title;description;imageurl;url;hashtags
1;generating Keyboard;Kids;Technician;https://ola.name;Towels e-services
2;Credit Card Account Crossing;navigate;Implementation;https://clare.info;Ergonomic Granite Mouse Fantastic
3;system;online Integrated;supply-chains markets Personal Loan Account;https://guido.org;bypass
4;Mississippi withdrawal grow;Cambridgeshire card neural;Pitcairn Islands;http://paula.biz;e-markets
5;Executive grid-enabled;Accountability bypassing;Algeria Israel Jewelery;http://lonie.info;maroon Personal Loan Account
6;Fresh channels Sports;Glens;Operations Cotton;https://andreane.info;Implementation Tuvalu
7;SSL;deploy card;Consultant Dynamic;http://ardella.net;Consultant yellow
8;Buckinghamshire copying;Chief lavender;Awesome;https://ted.name;Metal
9;intranet solid state;impactful Indian Rupee Ngultrum;teal;https://dale.net;Intelligent Granite Cheese Usability
10;Refined Frozen Bike invoice Cheese;transition Guinea-Bissau Boliviano Mvdol;Mali;http://zita.info;XML
